,theta_x,theta_y
0,1.8717525169222426,-0.6207451147020038
1,1.8998093629079449,0.5658849795921128
2,1.2654214817757747,-1.7385105846891236
3,-1.3216739683230116,0.25681128754442284
