,theta_x,theta_y
0,1.8717547601454498,-0.6207454904014753
1,1.8998108654500356,0.5658853056992541
2,1.2654230439693492,-1.7385126129930484
3,-1.3217531580721698,0.25683119572192936
